id,current_name_en,current_name_fr,series,issue_type,new_name_en,new_name_fr
fb9f4692-dfa5-442e-98e7-6a348bb09c7a,Bûrat,Bûrat,Against the Shadow,FRENCH_CHARS_IN_EN,"",""
931ba65e-3299-4928-bfc7-bb80f2559a68,Corsairs of Rhûn,Corsaires de Rhûn,Against the Shadow,FRENCH_CHARS_IN_EN,"",""
0ef9cf9c-aca4-4f00-b288-4e42a2ba20d8,Dwarven Ring of Thélor's Tribe ,Dwarven Ring of Thélor's Tribe ,Against the Shadow,FRENCH_CHARS_IN_EN,"",""
338369bc-6f4a-4dd0-bfdf-8ef0e46f385f,Eärcaraxë Roused,Eärcaraxë enragée,Against the Shadow,FRENCH_CHARS_IN_EN,"",""
16075af5-100f-40d9-832b-2ea8ac1cacdd,Mîonid,Mîonid,Against the Shadow,FRENCH_CHARS_IN_EN,"",""
de334e53-e427-47b3-928b-4914c7ad7c74,Nûriags,Nûriags,Against the Shadow,FRENCH_CHARS_IN_EN,"",""
d7197cad-c70b-40fb-8394-e38e1ccd1791,Nûrniag Camp,Camp des Nûrniags,Against the Shadow,FRENCH_CHARS_IN_EN,"",""
6db8d21d-9334-4723-a09f-4bfd99296069,Nûrniags,Nûrniags,Against the Shadow,FRENCH_CHARS_IN_EN,"",""
44465599-b4b3-4bc5-a542-0b2fec7e301f,The Pûkel-deeps,Les Abîmes Biscornus,Against the Shadow,FRENCH_CHARS_IN_EN,"",""
71fabb48-6736-4a17-a8c8-b93f0dfec357,Tûma,Tûma,Against the Shadow,FRENCH_CHARS_IN_EN,"",""
2eca10c0-397e-4576-85f3-09c89a020c64,Wûluag,Wûluag,Against the Shadow,FRENCH_CHARS_IN_EN,"",""
e5fcbb1d-5e46-4c78-b9a3-e7453eb649be,Adûnaphel Unleashed,Adûnaphel déchaînée,L'Oeil de Sauron,FRENCH_CHARS_IN_EN,"",""
82adaef3-e357-42d0-94eb-b78bda70fe33,Adûnaphel the Ringwraith,Adûnaphel la Spectre,L'Oeil de Sauron,FRENCH_CHARS_IN_EN,"",""
613b39cc-4dc5-4f3c-beeb-5a6c32f20000,Akhôrahil Unleashed,Akhôrahil déchaîné,L'Oeil de Sauron,FRENCH_CHARS_IN_EN,"",""
a783c470-46d4-4666-b406-150ea321ce1f,Akhôrahil the Ringwraith,Akhôrahil le Spectre,L'Oeil de Sauron,FRENCH_CHARS_IN_EN,"",""
a24db64a-7797-4cd4-8ccb-24f775ef139c,Barad-dûr,Barad-dûr,L'Oeil de Sauron,FRENCH_CHARS_IN_EN,"",""
746c12c2-582a-49c6-81a1-9d671168c52a,Carn Dûm,Carn Dûm,L'Oeil de Sauron,FRENCH_CHARS_IN_EN,"",""
6f0c4f0c-9264-449b-9ab0-1159a1c806d7,Caves of Ûlund,Grottes d'Ulûnd,L'Oeil de Sauron,FRENCH_CHARS_IN_EN,"",""
98c92b27-eee2-4c91-ae2d-1cebbfeed997,Dôgrib,Dôgrib,L'Oeil de Sauron,FRENCH_CHARS_IN_EN,"",""
b9f6c38e-4625-4048-9934-5ff0e5c65e54,Haudh-in-Gwanûr,Haudh-in-Gwanûr,L'Oeil de Sauron,FRENCH_CHARS_IN_EN,"",""
ab5ec7a8-d3a5-4099-b234-70892ddaef5a,Henneth Annûn,Henneth Annûn,L'Oeil de Sauron,FRENCH_CHARS_IN_EN,"",""
ceabae40-1436-4e1b-8667-0ad75cf0659e,Hoarmûrath Unleashed,Hoarmûrath déchaîné,L'Oeil de Sauron,FRENCH_CHARS_IN_EN,"",""
f09aa1e9-b625-4215-9e98-cfb324a65650,Hoarmûrath the Ringwraith,Hoarmûrath le Spectre,L'Oeil de Sauron,FRENCH_CHARS_IN_EN,"",""
e13c9259-5246-4c84-bb41-73a33f1348f8,Indûr Unleashed,Indûr déchaîné,L'Oeil de Sauron,FRENCH_CHARS_IN_EN,"",""
43627ebe-d2d5-46f3-8866-6766e4467a3d,Indûr the Ringwraith,Indûr le Spectre,L'Oeil de Sauron,FRENCH_CHARS_IN_EN,"",""
6d4627f1-b127-42c9-94cd-638bf34282da,Khamûl Unleashed,Khamûl déchaîné,L'Oeil de Sauron,FRENCH_CHARS_IN_EN,"",""
be204c07-a10c-4281-a79a-781f60835a45,Khamûl the Ringwraith,Khamûl le Spectre,L'Oeil de Sauron,FRENCH_CHARS_IN_EN,"",""
25d0a609-0f4d-4e9f-94c5-5e11a72a1ae5,Nevido Smôd,Nevido Smôd,L'Oeil de Sauron,FRENCH_CHARS_IN_EN,"",""
029c3ea3-91c9-4431-9e75-9d99b2046375,Nûrniag Camp,Camp des Nûrniags,L'Oeil de Sauron,FRENCH_CHARS_IN_EN,"",""
db3374c4-2bfb-423d-bc5c-82a931d402b0,Nûrniags,Nûrniags,L'Oeil de Sauron,FRENCH_CHARS_IN_EN,"",""
c65cbb53-3799-45d4-8761-2a06c875ed8b,Orcs of Udûn,Orques d'Udûn,L'Oeil de Sauron,FRENCH_CHARS_IN_EN,"",""
ca17646f-9982-4966-9d45-13164886a9d1,Palantír of Amon Sûl,Palantír d'Amon Sûl,L'Oeil de Sauron,FRENCH_CHARS_IN_EN,"",""
8d2ca7c8-92e1-4762-9ae9-34cd555b98c2,Zarak Dûm,Zarak Dûm,L'Oeil de Sauron,FRENCH_CHARS_IN_EN,"",""
70692f8c-763e-43c8-a600-898b90c240d5,Ûvatha Unleashed,Ûvatha déchaîné,L'Oeil de Sauron,FRENCH_CHARS_IN_EN,"",""
b0506ce0-53f2-48f2-9d43-152fcf7709c7,Ûvatha the Ringwraith,Ûvatha le Spectre,L'Oeil de Sauron,FRENCH_CHARS_IN_EN,"",""
ad94514a-eb29-467c-bdae-51b612e7ecd0,A une once près,A une once près,Les Dragons,FRENCH_CHARS_IN_EN,"",""
8ee573f5-c34c-4b7f-bf9e-d070e5cead1e,Disparais dans la lumière !,Disparais dans la lumière !,Les Dragons,FRENCH_CHARS_IN_EN,"",""
fe11f8c9-17ef-407d-b677-d6d9682075b1,Eärcaraxë,Eärcaraxë,Les Dragons,FRENCH_CHARS_IN_EN,"",""
237d3258-b738-4110-af72-fdf4f7b42522,Eärcaraxë Ahunt,Eärcaraxë en chasse,Les Dragons,FRENCH_CHARS_IN_EN,"",""
fde81a2e-f5ec-479e-a66b-f3f1e82a4953,Eärcaraxë at Home,Eärcaraxë au gîte,Les Dragons,FRENCH_CHARS_IN_EN,"",""
976146ca-34a6-4c58-9765-952d4971fcf9,Holà ! Venez gai dol !,Holà ! Venez gai dol !,Les Dragons,FRENCH_CHARS_IN_EN,"",""
d33b6950-3656-4c96-90b9-a3b86b2cdf8d,Nenseldë the Wingild,Nenseldë la Wingild,Les Dragons,FRENCH_CHARS_IN_EN,"",""
918a677f-d913-4f0c-9824-3bfef9ce108c,Que coeurs et membres se réchauffent !,Que coeurs et membres se réchauffent !,Les Dragons,FRENCH_CHARS_IN_EN,"",""
dbfd8b81-3d4a-4847-be1a-fead2716f395,Rhûn,Rhûn,Les Dragons,FRENCH_CHARS_IN_EN,"",""
a82bf61a-9c12-4ad0-95c7-a37292c5e5b1,Thráïn II,Thráïn II,Les Dragons,FRENCH_CHARS_IN_EN,"",""
53995def-d5b6-4aa3-9e51-4b7d3eeb5fe7,Un oeil à moitié ouvert,Un oeil à moitié ouvert,Les Dragons,FRENCH_CHARS_IN_EN,"",""
16846e8a-2861-49ed-b44c-134776927aa8,Zarak Dûm,Zarak Dûm,Les Dragons,FRENCH_CHARS_IN_EN,"",""
175c1af2-96a1-4a87-8b28-98eee6384f0c,Émeraude de Doriath,Émeraude de Doriath,Les Dragons,FRENCH_CHARS_IN_EN,"",""
aa40e57b-a61c-4ac2-a6a6-079b8349b15e,Épuises et affamés,Épuises et affamés,Les Dragons,FRENCH_CHARS_IN_EN,"",""
95377839-59ef-492a-8922-a58b64365234,Épée vaillante,Épée vaillante,Les Dragons,FRENCH_CHARS_IN_EN,"",""
5bd6cbcc-4fe3-478d-868e-9f5573bc05ac,"""Bert"" (Bûrat)","""Bert"" (Bûrat)",Les Sorciers,FRENCH_CHARS_IN_EN,"",""
d43e6942-775d-425d-bf65-a64213c50d7f,"""Tom"" (Tûma)","""Tom"" (Tûma)",Les Sorciers,FRENCH_CHARS_IN_EN,"",""
e2f9f7a2-4f15-450e-9590-214558510376,"""William"" (Wûluag)","""William"" (Wûluag)",Les Sorciers,FRENCH_CHARS_IN_EN,"",""
24cb9b8b-a7ea-48ab-ba97-af38e780c659,Adûnaphel,Adûnaphel,Les Sorciers,FRENCH_CHARS_IN_EN,"",""
be02e4ee-a011-4eaa-84b3-7efed8ef589a,Akhôrahil,Akhôrahil,Les Sorciers,FRENCH_CHARS_IN_EN,"",""
dbe06c87-9126-4a60-8151-43b71a913b57,Arinmîr,Arinmîr,Les Sorciers,FRENCH_CHARS_IN_EN,"",""
02eaa499-344c-4b41-8ce3-9d9327c57c2a,Barad-dûr,Barad-dûr,Les Sorciers,FRENCH_CHARS_IN_EN,"",""
1e6ea909-3234-43ec-9d89-57d4eafc1ed3,Carn Dûm,Carn Dûm,Les Sorciers,FRENCH_CHARS_IN_EN,"",""
6e6da2d0-d08a-4270-aa66-c39748b51548,Caves of Ûlund,Grottes d'Ulûnd,Les Sorciers,FRENCH_CHARS_IN_EN,"",""
fb7784c7-e40a-43e5-ad5b-dbfc3d64ad92,Contrôler un Palantir,Contrôler un Palantir,Les Sorciers,FRENCH_CHARS_IN_EN,"",""
79941529-ef37-498e-9833-cea7ebfcf197,Dwarven Ring of Thélor’s Tribe,Anneau Nain de la Tribu de Thélor,Les Sorciers,FRENCH_CHARS_IN_EN,"",""
a8158a19-34c7-4a7d-9229-43ad2d69440e,Dáïn II,Dáïn II,Les Sorciers,FRENCH_CHARS_IN_EN,"",""
2220758f-d831-4af4-ad51-7ce1f7c35842,Désespoir du coeur,Désespoir du coeur,Les Sorciers,FRENCH_CHARS_IN_EN,"",""
581e655c-9ea8-45ac-8ff5-8ebe9262af58,Ghân-buri-Ghân,Ghán-buri-Ghán,Les Sorciers,FRENCH_CHARS_IN_EN,"",""
28b072f2-2e06-4203-b2a9-9a24552f6788,Henneth Annûn,Henneth Annûn,Les Sorciers,FRENCH_CHARS_IN_EN,"",""
793e9bc3-4cbf-4e4c-b166-40a1de5a8954,Hoarmûrath of Dír,Hoarmûrath de Dír,Les Sorciers,FRENCH_CHARS_IN_EN,"",""
ec293091-955c-4f86-81cc-4f4957c0827c,Indûr Dawndeath,Indûr Aubemort,Les Sorciers,FRENCH_CHARS_IN_EN,"",""
71b75992-a334-4eb5-8cef-1e0483373f00,Khamûl the Easterling,Khamûl l'Oriental,Les Sorciers,FRENCH_CHARS_IN_EN,"",""
7c82642c-ee30-4dd3-97db-7b626431a3c8,Mûmak (Oliphant),Mûmak (Oliphant),Les Sorciers,FRENCH_CHARS_IN_EN,"",""
e0a5e42f-d796-4863-b3d6-6e26b8290975,Old Pûkel Gap,Passe des Vieux Biscornus,Les Sorciers,FRENCH_CHARS_IN_EN,"",""
e1569450-cf3b-4ea0-b03f-6a4bcddd4232,Old Pûkel-land,Pays des Vieux Biscornus,Les Sorciers,FRENCH_CHARS_IN_EN,"",""
3600f591-b138-4657-8889-1cad226eff23,Oïn,Oïn,Les Sorciers,FRENCH_CHARS_IN_EN,"",""
d57e2371-befe-42c1-b62a-465fbcd28ade,Palantír of Amon Sûl,Palantír d'Amon Sûl,Les Sorciers,FRENCH_CHARS_IN_EN,"",""
12496d14-f291-4a01-a6f4-638a0d9c69c1,Pûkel-men,Hommes Biscornus,Les Sorciers,FRENCH_CHARS_IN_EN,"",""
0baf0827-ad1d-45fb-a549-bf1e8f6638ce,Roäc the Raven,Roäc le Corbeau,Les Sorciers,FRENCH_CHARS_IN_EN,"",""
0c72c473-9db8-4ee1-8b10-604a5ce16e18,Storms of Ossë,Tempêtes d'Ossë,Les Sorciers,FRENCH_CHARS_IN_EN,"",""
0af9c845-40f0-4459-88e2-8b92053491d6,The Nazgûl are Abroad,Les Nazgûl sont sortis,Les Sorciers,FRENCH_CHARS_IN_EN,"",""
c57c8097-1864-4e2d-ac23-6231874609d2,Théoden,Théoden,Les Sorciers,FRENCH_CHARS_IN_EN,"",""
fae00684-8a28-443a-849f-a64246cc8ce3,Udûn,Udûn,Les Sorciers,FRENCH_CHARS_IN_EN,"",""
b5515cb6-95ec-4ba1-ab8c-4368cbb9f721,Vôteli,Vôteli,Les Sorciers,FRENCH_CHARS_IN_EN,"",""
c8fdb0dd-cd70-4413-b0d4-8dfcd55002ac,Woses of Old Pûkel-land,Woses du Pays des Vieux Biscornus,Les Sorciers,FRENCH_CHARS_IN_EN,"",""
aec7d28a-6ce9-496c-abe2-47405dec8c12,Épée de Gondolin,Épée de Gondolin,Les Sorciers,FRENCH_CHARS_IN_EN,"",""
2010008b-9a7b-44a0-8bfb-377be774df0f,Île des Morts qui Vivent,Île des Morts qui Vivent,Les Sorciers,FRENCH_CHARS_IN_EN,"",""
df903de9-244a-4972-a1c3-05367cf9ec69,Bûthrakaur the Green,Bûthrakaur le Vert,Sombres Séides,FRENCH_CHARS_IN_EN,"",""
a1c87452-6b53-4636-941e-dd2bc13e3de8,Dâsakûn,Dâsakûn,Sombres Séides,FRENCH_CHARS_IN_EN,"",""
518d660d-ad52-481e-8cd9-a4962f6d8aed,Haudh-in-Gwanûr,Haudh-in-Gwanûr,Sombres Séides,FRENCH_CHARS_IN_EN,"",""
6b2e2b6a-f6fa-473c-b8bc-a99bd323e1b5,Jûoma,Jûoma,Sombres Séides,FRENCH_CHARS_IN_EN,"",""
3d228cd8-3c5a-4b52-82f0-22ab4a171f04,Pôn-ora-Pôn,Pôn-ora-Pôn,Sombres Séides,FRENCH_CHARS_IN_EN,"",""
04aa3949-6b84-4b63-acad-7d62db5480a9,Râisha,Râisha,Sombres Séides,FRENCH_CHARS_IN_EN,"",""
c42302ba-a0a6-457b-995f-f8aa5fdee982,Spider of the Môrlat,Araignée du Môrlat,Sombres Séides,FRENCH_CHARS_IN_EN,"",""
a371f7f0-4def-4b4b-afee-9ee8b1a6488e,The Pûkel-deeps,Les Abîmes Biscornus,Sombres Séides,FRENCH_CHARS_IN_EN,"",""
5bce6bd5-84fd-4549-a2c9-fd5a0204713a,Ôm-buri-Ôm,Ôm-buri-Ôm,Sombres Séides,FRENCH_CHARS_IN_EN,"",""
72845e58-9b79-4c58-b7b8-69841486a18e,Barad-dûr,Barad-dûr,The Balrog,FRENCH_CHARS_IN_EN,"",""
60f4ef3d-a95c-41c0-a65a-f9dc413b6d28,Bûthrakaur,Bûthrakaur,The Balrog,FRENCH_CHARS_IN_EN,"",""
e40e111e-2adc-4372-ae7b-94260c301605,Carn Dûm,Carn Dûm,The Balrog,FRENCH_CHARS_IN_EN,"",""
ce8f7a0f-01ba-4def-aeeb-f9356ce9d493,Flame of Udûn,Flamme d'Udûn,The Balrog,FRENCH_CHARS_IN_EN,"",""
4cbfab52-c23e-4a11-bab4-514690cc0c89,The Pûkel-deeps,Les Abîmes Biscornus,The Balrog,FRENCH_CHARS_IN_EN,"",""
eab5cd5b-b5da-4e59-bdb6-a9426b78162e,Oromë's Warders,Oromë's Warders,The White Hand,FRENCH_CHARS_IN_EN,"",""
e4049f84-bbd2-4420-bb0f-baf203d4a23c,Amon Hen,Amon Hen,L'Oeil de Sauron,IDENTICAL_NAMES,"",""
93bcd2ea-2984-4e61-bf1a-5337f150fa08,Asternak,Asternak,L'Oeil de Sauron,IDENTICAL_NAMES,"",""
043deb82-a1cd-4b44-a9cb-26423e32a075,Balchoth,Balchoth,L'Oeil de Sauron,IDENTICAL_NAMES,"",""
eb40f59d-7d00-42df-a549-2202cfb99c28,Belegorn,Belegorn,L'Oeil de Sauron,IDENTICAL_NAMES,"",""
6b392102-b466-485f-a9ef-f0eb425e06bf,Bree,Bree,L'Oeil de Sauron,IDENTICAL_NAMES,"",""
a0c24358-f7c6-457d-97d4-36bca364196b,Brigands,Brigands,L'Oeil de Sauron,IDENTICAL_NAMES,"",""
87ea774a-2b53-4868-b4dc-e76bed2c6682,Calendal,Calendal,L'Oeil de Sauron,IDENTICAL_NAMES,"",""
83d0eb82-fe28-4649-a642-83f8313ebbce,Cameth Brin,Cameth Brin,L'Oeil de Sauron,IDENTICAL_NAMES,"",""
4bf4ba9c-aeeb-4d72-8d88-a5dc81fa2e17,Carambor,Carambor,L'Oeil de Sauron,IDENTICAL_NAMES,"",""
3b3b26e0-1837-446e-8d72-76c135ceaa89,Cirith Gorgor,Cirith Gorgor,L'Oeil de Sauron,IDENTICAL_NAMES,"",""
5ce134d0-f6a0-4da9-848d-c589de1620fa,Cirith Ungol,Cirith Ungol,L'Oeil de Sauron,IDENTICAL_NAMES,"",""
1223846a-2a1e-4239-9c1a-e194a557905f,Ciryaher,Ciryaher,L'Oeil de Sauron,IDENTICAL_NAMES,"",""
af12d95a-6129-41d9-a416-accc3fe7afb7,Diversion,Diversion,L'Oeil de Sauron,IDENTICAL_NAMES,"",""
9644f3d5-7e78-418a-8f55-695b26b7a8ea,Dol Amroth,Dol Amroth,L'Oeil de Sauron,IDENTICAL_NAMES,"",""
4b93f7e7-86f2-4a2c-93a0-daae488a3e22,Dol Guldur,Dol Guldur,L'Oeil de Sauron,IDENTICAL_NAMES,"",""
3b476dba-1021-4a80-ae6f-260f626eb163,Dorelas,Dorelas,L'Oeil de Sauron,IDENTICAL_NAMES,"",""
c4002aed-3869-4cce-9309-e0b4be303ff7,Dunharrow,Dunharrow,L'Oeil de Sauron,IDENTICAL_NAMES,"",""
4b2dc53d-70e6-477a-b9d8-90a77e179ebe,Edoras,Edoras,L'Oeil de Sauron,IDENTICAL_NAMES,"",""
2bb2df61-c6cd-4fa0-83df-fa98e771990f,Eradan,Eradan,L'Oeil de Sauron,IDENTICAL_NAMES,"",""
23b05d88-cd55-4cef-a18a-0f69eb57caec,Geann a-Lisch,Geann a-Lisch,L'Oeil de Sauron,IDENTICAL_NAMES,"",""
460dd968-966b-4102-89ef-26040eef7ba0,Gobel Mírlond,Gobel Mírlond,L'Oeil de Sauron,IDENTICAL_NAMES,"",""
53715fee-2e0a-4df7-9e41-024341d80ba6,Gondmaeglom,Gondmaeglom,L'Oeil de Sauron,IDENTICAL_NAMES,"",""
9f06c393-8db9-412a-8a64-4e088cd53f64,Gorbag,Gorbag,L'Oeil de Sauron,IDENTICAL_NAMES,"",""
ecad92b7-3844-47c8-b97e-09b62c8dc14c,Grishnákh,Grishnákh,L'Oeil de Sauron,IDENTICAL_NAMES,"",""
3f2cb56f-d316-4be1-8eef-253f3682a047,Gulla,Gulla,L'Oeil de Sauron,IDENTICAL_NAMES,"",""
b3b2e8b3-4ca5-43a5-97fa-4299df40950f,Hador,Hador,L'Oeil de Sauron,IDENTICAL_NAMES,"",""
d329a519-1e99-4462-8ba6-d9982c9e47d8,Hendolen,Hendolen,L'Oeil de Sauron,IDENTICAL_NAMES,"",""
dedcd435-814c-4bd8-9d77-4800efe714fb,Huorn,Huorn,L'Oeil de Sauron,IDENTICAL_NAMES,"",""
0632aa3b-24ef-44be-a99a-fb5175a11e86,Isengard,Isengard,L'Oeil de Sauron,IDENTICAL_NAMES,"",""
621acc10-615d-4f7a-88e1-2aece41adce9,Jerrek,Jerrek,L'Oeil de Sauron,IDENTICAL_NAMES,"",""
371418bc-fa18-4671-930e-944fc3d5c5d6,Lagduf,Lagduf,L'Oeil de Sauron,IDENTICAL_NAMES,"",""
8160b2c2-6a21-4441-ad2c-73a83386af3a,Landroval,Landroval,L'Oeil de Sauron,IDENTICAL_NAMES,"",""
a85e1d18-6286-4cf0-8a7c-721fb70f325b,Layos,Layos,L'Oeil de Sauron,IDENTICAL_NAMES,"",""
a46f06d4-3293-45b5-a078-cc1c04511144,Lond Galen,Lond Galen,L'Oeil de Sauron,IDENTICAL_NAMES,"",""
d5a28711-fa17-44c5-93d6-a81495511a95,Luitprand,Luitprand,L'Oeil de Sauron,IDENTICAL_NAMES,"",""
bf3b0ff5-c5a9-4a15-a5a9-b2a1e86effae,Minas Morgul,Minas Morgul,L'Oeil de Sauron,IDENTICAL_NAMES,"",""
0e19cf41-6220-4292-9925-0d14cae5019e,Minas Tirith,Minas Tirith,L'Oeil de Sauron,IDENTICAL_NAMES,"",""
c77b9481-6fa6-4038-83db-7514d91bb826,Moria,Moria,L'Oeil de Sauron,IDENTICAL_NAMES,"",""
ae6ec9e1-8cf9-49e4-ac97-083940e35d30,Muzgash,Muzgash,L'Oeil de Sauron,IDENTICAL_NAMES,"",""
80af0b31-4d27-4dbc-bb88-6206ee5d0165,Ost-in-Edhil,Ost-in-Edhil,L'Oeil de Sauron,IDENTICAL_NAMES,"",""
50d07caf-79bd-4c9b-bbea-2c3610a3acbe,Ostisen,Ostisen,L'Oeil de Sauron,IDENTICAL_NAMES,"",""
6b61767e-744c-4916-9243-986c5331da35,Pelargir,Pelargir,L'Oeil de Sauron,IDENTICAL_NAMES,"",""
d17f4488-d375-4efd-8e16-23d8c48c70b8,Pirates,Pirates,L'Oeil de Sauron,IDENTICAL_NAMES,"",""
198e31e7-c85c-4ba8-9036-39089b6f5f7e,Poison,Poison,L'Oeil de Sauron,IDENTICAL_NAMES,"",""
d3c389ea-d028-413b-91dd-364de8852d3c,Pon Opar,Pon Opar,L'Oeil de Sauron,IDENTICAL_NAMES,"",""
9a2d13da-6775-413f-b6d5-975315dcc140,Radbug,Radbug,L'Oeil de Sauron,IDENTICAL_NAMES,"",""
71d11a3a-fc0c-4c17-b2a5-94ab59e013b2,Ruse,Ruse,L'Oeil de Sauron,IDENTICAL_NAMES,"",""
dd285557-3cd5-4866-81dd-20819ead1593,Sarn Goriwing,Sarn Goriwing,L'Oeil de Sauron,IDENTICAL_NAMES,"",""
5ac2c1a9-1e7c-45fa-9330-6f5ad9e66f75,Shagrat,Shagrat,L'Oeil de Sauron,IDENTICAL_NAMES,"",""
7aea7c19-f50e-4173-86e2-e998a4556064,Shrel-Kain,Shrel-Kain,L'Oeil de Sauron,IDENTICAL_NAMES,"",""
c9fde72c-962b-471c-9518-1fb18c491c59,Shámas,Shámas,L'Oeil de Sauron,IDENTICAL_NAMES,"",""
eea586fb-1d5b-4dbf-a88f-5c24717c15a9,Snaga,Snaga,L'Oeil de Sauron,IDENTICAL_NAMES,"",""
8a297c6a-2cc5-4a40-93da-128766687a51,Tarcil,Tarcil,L'Oeil de Sauron,IDENTICAL_NAMES,"",""
eaf1ebd1-93be-4418-9f68-614e3b2d3922,Tharbad,Tharbad,L'Oeil de Sauron,IDENTICAL_NAMES,"",""
7c0973ec-faf1-4b23-acbd-586d59a0b9d5,Tros Hesnef,Tros Hesnef,L'Oeil de Sauron,IDENTICAL_NAMES,"",""
5cf07892-5cb1-4dc7-97da-3fc4c1b0fbf9,Uchel,Uchel,L'Oeil de Sauron,IDENTICAL_NAMES,"",""
6bcbfa3b-15e6-43c3-b55f-4cb23a860b93,Ufthak,Ufthak,L'Oeil de Sauron,IDENTICAL_NAMES,"",""
5430565c-3dfa-4080-839a-35c7e50cc1ea,Urlurtsu Nurn,Urlurtsu Nurn,L'Oeil de Sauron,IDENTICAL_NAMES,"",""
76ead6b3-61ba-4ae2-b8a1-6fbc0c8ca156,A examiner par la suite,A examiner par la suite,Les Dragons,IDENTICAL_NAMES,"",""
438f5fb5-1e59-47be-845a-73496fdf93c9,Brand,Brand,Les Dragons,IDENTICAL_NAMES,"",""
afef59fc-c55b-4979-968b-ef505b9a53b0,Buhr Widu,Buhr Widu,Les Dragons,IDENTICAL_NAMES,"",""
bb217d56-cbba-47c5-b3d4-0124f18d39fa,Connaissance des mathoms,Connaissance des mathoms,Les Dragons,IDENTICAL_NAMES,"",""
17185277-cdee-48fc-b954-880354b2f09d,Cram,Cram,Les Dragons,IDENTICAL_NAMES,"",""
dc3ecd29-8f5a-4854-b9c9-7ec851a68e61,Cruel Caradhras,Cruel Caradhras,Les Dragons,IDENTICAL_NAMES,"",""
fd68d4ca-1578-4545-a4a0-1ad78e65cbb0,Forod,Forod,Les Dragons,IDENTICAL_NAMES,"",""
860f3291-7f68-4051-94e8-f28dcb6b70ba,Galdor,Galdor,Les Dragons,IDENTICAL_NAMES,"",""
19c4581c-3f1a-4655-9810-9e159dc59b51,Gondmaeglom,Gondmaeglom,Les Dragons,IDENTICAL_NAMES,"",""
81874f4b-2a77-4429-a986-e14a2847750a,Gothmog,Gothmog,Les Dragons,IDENTICAL_NAMES,"",""
eedd6ff0-ef08-48a7-a943-d4232ed06a13,Harad,Harad,Les Dragons,IDENTICAL_NAMES,"",""
da871054-e41a-4a2f-ba3c-13b4cc609b58,Ioreth,Ioreth,Les Dragons,IDENTICAL_NAMES,"",""
5f4d3768-d32d-4fc1-acc1-b66825b99cfb,Issu des fosses d'Angband,Issu des fosses d'Angband,Les Dragons,IDENTICAL_NAMES,"",""
24c03cf5-1530-49da-8ab3-ea33d344912f,Itangast,Itangast,Les Dragons,IDENTICAL_NAMES,"",""
1210fbe0-498b-4633-bc98-bc6112d5020e,Le heaume de son secret,Le heaume de son secret,Les Dragons,IDENTICAL_NAMES,"",""
9b07042b-9815-4d94-b736-c245966c0b7a,Oeil inquisiteur,Oeil inquisiteur,Les Dragons,IDENTICAL_NAMES,"",""
0854707b-f2cb-4a83-8283-14842609533c,Refuge,Refuge,Les Dragons,IDENTICAL_NAMES,"",""
8104db52-a59c-4960-8e8a-741e65b8a8cd,Scatha,Scatha,Les Dragons,IDENTICAL_NAMES,"",""
103e1501-04c1-4b48-b305-e0a0daee2a31,Scorba,Scorba,Les Dragons,IDENTICAL_NAMES,"",""
3f5f5b15-c753-495f-aea6-b779f759d929,Sentier elfique,Sentier elfique,Les Dragons,IDENTICAL_NAMES,"",""
8bac83ba-674c-4c48-9b30-213d3b52efc1,Tharbad,Tharbad,Les Dragons,IDENTICAL_NAMES,"",""
13a04c51-2937-44ab-9356-7c694d46fa87,Adrazar,Adrazar,Les Sorciers,IDENTICAL_NAMES,"",""
333aff36-fb4b-4400-a9ae-8aee1d7ea2af,Agburanar,Agburanar,Les Sorciers,IDENTICAL_NAMES,"",""
eb6e93bc-e33a-4506-84ba-e0172e288ef3,Alatar,Alatar,Les Sorciers,IDENTICAL_NAMES,"",""
33775080-2fb1-4fc4-8a35-79a48974a76f,Amon Hen,Amon Hen,Les Sorciers,IDENTICAL_NAMES,"",""
6e33a757-add6-4efa-9519-47ac8c4fac88,Anborn,Anborn,Les Sorciers,IDENTICAL_NAMES,"",""
882e1adb-e3cf-416e-83d8-04f6a451cb61,Andrast,Andrast,Les Sorciers,IDENTICAL_NAMES,"",""
438e68cf-1830-40f9-81ff-b77735879e2d,Anfalas,Anfalas,Les Sorciers,IDENTICAL_NAMES,"",""
6f23e190-4fe2-489a-a6cb-7788dc42fde2,Angmar,Angmar,Les Sorciers,IDENTICAL_NAMES,"",""
3fd3c876-0258-48aa-aa36-abc910f1e68a,Annalena,Annalena,Les Sorciers,IDENTICAL_NAMES,"",""
b67e7711-8a21-4cb4-92a5-c3cccd55ad83,Anórien,Anórien,Les Sorciers,IDENTICAL_NAMES,"",""
b3bf7995-2e10-44f8-a11b-5702648db632,Aragorn II,Aragorn II,Les Sorciers,IDENTICAL_NAMES,"",""
2824c1d7-135d-4547-a6d2-3ea7d7647895,Arthedain,Arthedain,Les Sorciers,IDENTICAL_NAMES,"",""
fcc5ca57-dd89-4711-8524-35eb092bdc16,Arwen,Arwen,Les Sorciers,IDENTICAL_NAMES,"",""
d9400372-97d0-46f4-9cb2-7ef75f21a14a,Assassin,Assassin,Les Sorciers,IDENTICAL_NAMES,"",""
822ff136-7eaf-4758-81dd-7d596e9a3c31,Athelas,Athelas,Les Sorciers,IDENTICAL_NAMES,"",""
b64d34a2-19dc-49aa-9b50-b610312e6979,Belfalas,Belfalas,Les Sorciers,IDENTICAL_NAMES,"",""
c72ca8fc-3e40-4ec6-b265-1934f77ca224,Beorn,Beorn,Les Sorciers,IDENTICAL_NAMES,"",""
500d2f4c-ee9d-464b-859b-142e586cc1e6,Beregond,Beregond,Les Sorciers,IDENTICAL_NAMES,"",""
97b3c34a-3c6e-40c9-b75e-3ee07e619683,Beretar,Beretar,Les Sorciers,IDENTICAL_NAMES,"",""
b19ae6dc-d03b-4a61-b0a6-8115ead9adac,Bergil,Bergil,Les Sorciers,IDENTICAL_NAMES,"",""
4dc0e359-8c2d-4750-b7d0-032a54a07dc0,Bifur,Bifur,Les Sorciers,IDENTICAL_NAMES,"",""
34a5a3c6-7c4a-4d2a-8988-d94e61c40c20,Bofur,Bofur,Les Sorciers,IDENTICAL_NAMES,"",""
4225e368-9365-43c8-b189-9cb889dca4b6,Bombur,Bombur,Les Sorciers,IDENTICAL_NAMES,"",""
49c74fe9-c704-4021-a173-c62eec767398,Boromir II,Boromir II,Les Sorciers,IDENTICAL_NAMES,"",""
1d503979-c2f7-4dd5-9505-657e416c2d69,Bree,Bree,Les Sorciers,IDENTICAL_NAMES,"",""
eaea3298-dd83-460f-8604-dbb36be2defd,Brigands,Brigands,Les Sorciers,IDENTICAL_NAMES,"",""
a7842718-6848-4ea8-81d4-7a4ccffc2927,Cameth Brin,Cameth Brin,Les Sorciers,IDENTICAL_NAMES,"",""
88bed807-45dc-4053-8a48-83db11affef0,Cardolan,Cardolan,Les Sorciers,IDENTICAL_NAMES,"",""
e83aaa7a-dfcf-455f-9d43-3bc53a4847d4,Celeborn,Celeborn,Les Sorciers,IDENTICAL_NAMES,"",""
50efda4b-8ec6-4a5e-b548-89574ad22613,Cirith Ungol,Cirith Ungol,Les Sorciers,IDENTICAL_NAMES,"",""
78ff2739-12b2-4703-a6f9-7d99acd89a82,Círdan,Círdan,Les Sorciers,IDENTICAL_NAMES,"",""
844925f3-f678-4503-b0cd-d688b69634e3,Daelomin,Daelomin,Les Sorciers,IDENTICAL_NAMES,"",""
a6e74ac3-c27e-471a-9e59-85279ea860f0,Dagorlad,Dagorlad,Les Sorciers,IDENTICAL_NAMES,"",""
3749e8bb-f945-42e9-bc50-5560e7c032af,Damrod,Damrod,Les Sorciers,IDENTICAL_NAMES,"",""
ed58ca1c-17f6-44c6-aa83-674f4661a276,Denethor II,Denethor II,Les Sorciers,IDENTICAL_NAMES,"",""
967d1bca-6381-4c78-a916-aa9b644810b6,Dol Amroth,Dol Amroth,Les Sorciers,IDENTICAL_NAMES,"",""
f74f8776-3ab1-4825-9d93-f745f4436cc6,Dol Guldur,Dol Guldur,Les Sorciers,IDENTICAL_NAMES,"",""
43b4ef6e-0758-4e1e-81a8-4521102c8f16,Dori,Dori,Les Sorciers,IDENTICAL_NAMES,"",""
5445262a-df40-4017-9760-34ea326d1a92,Dorwinion,Dorwinion,Les Sorciers,IDENTICAL_NAMES,"",""
42e0df19-dcb1-4032-960e-b5a18ea7d128,Dunharrow,Dunharrow,Les Sorciers,IDENTICAL_NAMES,"",""
2b69239a-24bc-42de-90df-a528d8c5e851,Edhellond,Edhellond,Les Sorciers,IDENTICAL_NAMES,"",""
07f67f96-5335-4748-bb91-8b17dfba026e,Edoras,Edoras,Les Sorciers,IDENTICAL_NAMES,"",""
99839b4d-15f8-4940-a5e2-4a06a854d7fa,Elladan,Elladan,Les Sorciers,IDENTICAL_NAMES,"",""
bce89fbd-95dd-45c0-83c2-875e7fafa21b,Elrohir,Elrohir,Les Sorciers,IDENTICAL_NAMES,"",""
5ab223d1-8392-4d6f-92dd-e677d669cca3,Elrond,Elrond,Les Sorciers,IDENTICAL_NAMES,"",""
1b92f80c-bc49-4fa0-b1a6-4e7361a2500b,Enedwaith,Enedwaith,Les Sorciers,IDENTICAL_NAMES,"",""
ec10a0ac-4064-4a1c-8736-88eed9e51af1,Eomer,Eomer,Les Sorciers,IDENTICAL_NAMES,"",""
d1a77d90-9718-44eb-85ee-6f4ed0af8e53,Eowyn,Eowyn,Les Sorciers,IDENTICAL_NAMES,"",""
4e2991fb-f374-4941-8bda-5b6083dfd1d6,Erkenbrand,Erkenbrand,Les Sorciers,IDENTICAL_NAMES,"",""
968b2833-c3a8-4ba3-b9d8-44269cf518bc,Fangorn,Fangorn,Les Sorciers,IDENTICAL_NAMES,"",""
affb1b08-828f-4f8a-b03b-f09e22869b0a,Faramir,Faramir,Les Sorciers,IDENTICAL_NAMES,"",""
dd76056c-8dd8-4f8d-9a64-0d66873fe861,Forlong,Forlong,Les Sorciers,IDENTICAL_NAMES,"",""
f43fdf13-1cde-4f8b-963b-575fb4378d1d,Forochel,Forochel,Les Sorciers,IDENTICAL_NAMES,"",""
b3e11df1-4795-41cf-b193-9976e1aa24c8,Fíli,Fíli,Les Sorciers,IDENTICAL_NAMES,"",""
4d0401da-3b6f-43bb-994a-89e77737e920,Galadriel,Galadriel,Les Sorciers,IDENTICAL_NAMES,"",""
383a7e0f-fdc0-48f4-b42e-63cf45b16c33,Galva,Galva,Les Sorciers,IDENTICAL_NAMES,"",""
732f9565-5e02-404c-8c82-f5cea49ad424,Gandalf,Gandalf,Les Sorciers,IDENTICAL_NAMES,"",""
6378e419-ec8d-42b0-981a-70e8372daa30,Gildor Inglorion,Gildor Inglorion,Les Sorciers,IDENTICAL_NAMES,"",""
537be06a-58ce-4798-9d70-1af316d0a565,Gimli,Gimli,Les Sorciers,IDENTICAL_NAMES,"",""
6c6bc313-ff3e-4d52-b730-4e1c713768c6,Glamdring,Glamdring,Les Sorciers,IDENTICAL_NAMES,"",""
89e96c4a-16fe-4521-8538-d953279173b9,Glorfindel II,Glorfindel II,Les Sorciers,IDENTICAL_NAMES,"",""
a13970b5-6911-416f-b3e1-dd4460c4ae91,Gollum,Gollum,Les Sorciers,IDENTICAL_NAMES,"",""
5156e593-72eb-4157-a10b-5374a8d02d2c,Gorgoroth,Gorgoroth,Les Sorciers,IDENTICAL_NAMES,"",""
a596039e-41bf-4892-b0b9-81fe08b0cb12,Gundabad,Gundabad,Les Sorciers,IDENTICAL_NAMES,"",""
d8404c4a-fbdf-48a6-8c2a-0fae89bef58a,Gwaihir,Gwaihir,Les Sorciers,IDENTICAL_NAMES,"",""
01919f36-7389-4b7c-b13e-41b1e4b254d3,Halbarad,Halbarad,Les Sorciers,IDENTICAL_NAMES,"",""
eed6b77d-83a0-42d0-8d82-e61bfe00caed,Haldalam,Haldalam,Les Sorciers,IDENTICAL_NAMES,"",""
911f555a-c77c-4096-9881-8a0381fcbf57,Haldir,Haldir,Les Sorciers,IDENTICAL_NAMES,"",""
bfd82b72-415e-4292-b29b-879c117ccb08,Harondor,Harondor,Les Sorciers,IDENTICAL_NAMES,"",""
a809ea74-c71e-4631-81b0-be1fa4888b10,Himring,Himring,Les Sorciers,IDENTICAL_NAMES,"",""
114a7cc9-27f3-4c82-ae87-def1c4324c07,Hobbits,Hobbits,Les Sorciers,IDENTICAL_NAMES,"",""
de77e1b9-c18f-45a9-beb8-a32ff72bce48,Huorn,Huorn,Les Sorciers,IDENTICAL_NAMES,"",""
66751473-dc89-442b-8b53-6153cb1e9546,Háma,Háma,Les Sorciers,IDENTICAL_NAMES,"",""
21bcb067-55b3-485b-b2c1-d22e0979947b,Imlad Morgul,Imlad Morgul,Les Sorciers,IDENTICAL_NAMES,"",""
cf330977-8bd6-48d2-9769-8e8a07794673,Imrahil,Imrahil,Les Sorciers,IDENTICAL_NAMES,"",""
88b24390-cf39-4aab-bdff-6f8b74351453,Isengard,Isengard,Les Sorciers,IDENTICAL_NAMES,"",""
1aba34d8-3aba-4ee1-a5de-33186a80c204,Ithilien,Ithilien,Les Sorciers,IDENTICAL_NAMES,"",""
3f7fc716-0f25-4bbf-8df8-08b1e94a17e0,Khand,Khand,Les Sorciers,IDENTICAL_NAMES,"",""
7ad42f6b-0869-4fe2-b812-dcb33c3f570f,Kíli,Kíli,Les Sorciers,IDENTICAL_NAMES,"",""
eaa15b2f-af04-4980-a45a-cb437540ae28,Lamedon,Lamedon,Les Sorciers,IDENTICAL_NAMES,"",""
e4e5daff-1b9f-484b-9eec-eec45cc56301,Lassitude du coeur,Lassitude du coeur,Les Sorciers,IDENTICAL_NAMES,"",""
e2ead620-6ce3-4714-83e3-e12a5b489a9c,Lebennin,Lebennin,Les Sorciers,IDENTICAL_NAMES,"",""
1b1551a1-7cd3-4572-8f2c-ca99d9ea5dbb,Legolas,Legolas,Les Sorciers,IDENTICAL_NAMES,"",""
ef1cdf77-6166-4436-b70d-bed108fe3305,Leucaruth,Leucaruth,Les Sorciers,IDENTICAL_NAMES,"",""
0d761b27-c522-40ea-a573-c99919514ebc,Lindon,Lindon,Les Sorciers,IDENTICAL_NAMES,"",""
16b7e1d1-c622-4303-8693-d018e6e75afc,Lond Galen,Lond Galen,Les Sorciers,IDENTICAL_NAMES,"",""
288c46f5-a32d-4216-950c-584ed7f08072,Lossoth,Lossoth,Les Sorciers,IDENTICAL_NAMES,"",""
0d242b5b-48a9-445f-bb28-46e7cc41bd0a,Lórien,Lórien,Les Sorciers,IDENTICAL_NAMES,"",""
67e4213e-bae9-41be-88f3-d9d316b4453e,Mablung,Mablung,Les Sorciers,IDENTICAL_NAMES,"",""
aa1f26e8-44d9-4527-8091-e5401a7f2b64,Minas Morgul,Minas Morgul,Les Sorciers,IDENTICAL_NAMES,"",""
48269002-dbfa-431d-bc86-42451e6c7c54,Minas Tirith,Minas Tirith,Les Sorciers,IDENTICAL_NAMES,"",""
150532c7-618c-45c9-9698-eb1603dd454f,Miruvor,Miruvor,Les Sorciers,IDENTICAL_NAMES,"",""
3c2326c5-dd5c-4edd-8bfa-1c18458a337b,Morannon,Morannon,Les Sorciers,IDENTICAL_NAMES,"",""
3f8ab5f8-8cdf-4238-a2b8-bd66df5fec61,Moria,Moria,Les Sorciers,IDENTICAL_NAMES,"",""
7f18a262-2db0-48ab-806f-6d2169b82724,Narsil,Narsil,Les Sorciers,IDENTICAL_NAMES,"",""
0d54338f-76e9-4387-bdb1-73867bd33721,Narya,Narya,Les Sorciers,IDENTICAL_NAMES,"",""
732cc2fd-0415-406e-8514-4558ef65ed7d,Nenya,Nenya,Les Sorciers,IDENTICAL_NAMES,"",""
dcd89574-272c-4596-a531-b4bcf4fbb4e6,Nori,Nori,Les Sorciers,IDENTICAL_NAMES,"",""
b25f2659-d5e3-4dba-a945-d4cfc9755f6d,Nurn,Nurn,Les Sorciers,IDENTICAL_NAMES,"",""
c45af2df-ee83-459a-915e-b0852e3980d7,Númeriador,Númeriador,Les Sorciers,IDENTICAL_NAMES,"",""
2baea4c2-84f3-4a3b-82f0-c937604a6c34,Oeil de Sauron,Oeil de Sauron,Les Sorciers,IDENTICAL_NAMES,"",""
3729f918-a25e-4386-ab35-58fe41eba912,Orcrist,Orcrist,Les Sorciers,IDENTICAL_NAMES,"",""
aae63935-21f2-4a17-a601-798532558644,Ori,Ori,Les Sorciers,IDENTICAL_NAMES,"",""
3c2f73a9-60e4-4c96-8513-623c1ada639d,Orophin,Orophin,Les Sorciers,IDENTICAL_NAMES,"",""
d847e442-adf4-4885-a0c1-406757e718c5,Ost-in-Edhil,Ost-in-Edhil,Les Sorciers,IDENTICAL_NAMES,"",""
9cdbb1a3-98f0-4f65-ab8e-d21c91074405,Pallando,Pallando,Les Sorciers,IDENTICAL_NAMES,"",""
18b719af-c949-42ec-bb33-ddc339910bd9,Parole de persuasion,Parole de persuasion,Les Sorciers,IDENTICAL_NAMES,"",""
618cdbdf-41a7-4dee-915f-0cfacd92d67e,Peath,Peath,Les Sorciers,IDENTICAL_NAMES,"",""
3d941aa8-6715-49f2-9707-e76dec0439f0,Pelargir,Pelargir,Les Sorciers,IDENTICAL_NAMES,"",""
2bc84489-d3b7-4b1b-8761-544653444409,Pippin,Pippin,Les Sorciers,IDENTICAL_NAMES,"",""
82ea60b3-bcab-4806-bd6f-762e79c2802e,Radagast,Radagast,Les Sorciers,IDENTICAL_NAMES,"",""
f913c14c-c2aa-410b-bb15-ae6be0eb384c,Rhosgobel,Rhosgobel,Les Sorciers,IDENTICAL_NAMES,"",""
b74d44e8-3ff0-400a-83e8-8fa65d55e333,Rhovanion Septentrional,Rhovanion Septentrional,Les Sorciers,IDENTICAL_NAMES,"",""
a7da202c-13dc-4023-85d6-831a8db6a3e2,Rhudaur,Rhudaur,Les Sorciers,IDENTICAL_NAMES,"",""
8b19d863-0378-4cd1-bce2-7245996d8769,Rogrog,Rogrog,Les Sorciers,IDENTICAL_NAMES,"",""
0d61a05b-a1ff-497e-bb4e-54d48c9ed791,Rohan,Rohan,Les Sorciers,IDENTICAL_NAMES,"",""
a02078f6-0426-4d6f-bd86-39afd1e38648,Sarn Goriwing,Sarn Goriwing,Les Sorciers,IDENTICAL_NAMES,"",""
0eecb689-ec2c-4b6c-ba78-9e2c72cc7e89,Shrel-Kain,Shrel-Kain,Les Sorciers,IDENTICAL_NAMES,"",""
bb59f353-d9ac-4326-9394-bbbdf5f36aaa,Smaug,Smaug,Les Sorciers,IDENTICAL_NAMES,"",""
80c11de9-3e97-41dd-9c97-dd3cde8ddd72,Thranduil,Thranduil,Les Sorciers,IDENTICAL_NAMES,"",""
151e4141-8519-4f0b-8670-eae5c6c13a18,Tolfalas,Tolfalas,Les Sorciers,IDENTICAL_NAMES,"",""
b3598ade-a959-4181-94e5-016f06b27d39,Tom Bombadil,Tom Bombadil,Les Sorciers,IDENTICAL_NAMES,"",""
21fc53b7-d471-403b-9e12-5a986c04ba8e,Utiliser un Palantir,Utiliser un Palantir,Les Sorciers,IDENTICAL_NAMES,"",""
fe1107c5-3147-493b-99d3-0787c6f8bb13,Uvatha le Cavalier,Uvatha le Cavalier,Les Sorciers,IDENTICAL_NAMES,"",""
a8349edd-523a-4af8-9159-6539d7585cb4,Vilya,Vilya,Les Sorciers,IDENTICAL_NAMES,"",""
2d41f969-1959-40d4-b100-084126ba0634,Vygavril,Vygavril,Les Sorciers,IDENTICAL_NAMES,"",""
13370465-2f5a-46e8-a58e-082a8aa40610,Wacho,Wacho,Les Sorciers,IDENTICAL_NAMES,"",""
8fd2b1c4-ea58-4b46-9978-ca85a8457d0d,Aiglos,Aiglos,Sombres Séides,IDENTICAL_NAMES,"",""
200052bd-f56b-4f2c-ad60-e7c882417714,Anarin,Anarin,Sombres Séides,IDENTICAL_NAMES,"",""
cfb4f542-ad4c-48be-b63e-14d28313c861,Baduila,Baduila,Sombres Séides,IDENTICAL_NAMES,"",""
71e0351c-c9dd-4b0c-9872-629e05d0c849,Deallus,Deallus,Sombres Séides,IDENTICAL_NAMES,"",""
6b3d903e-3a22-4cc7-9ae9-8dcfc80813ad,Drór,Drór,Sombres Séides,IDENTICAL_NAMES,"",""
5a1b36db-e0fd-464c-940b-4bb48a2113b5,Elerína,Elerína,Sombres Séides,IDENTICAL_NAMES,"",""
4ceb96d5-c667-4cd5-a1bf-910a34042049,Elwen,Elwen,Sombres Séides,IDENTICAL_NAMES,"",""
8c50e5b8-6d00-41ea-9745-bf2930f5f53b,Eun,Eun,Sombres Séides,IDENTICAL_NAMES,"",""
a1640c47-c525-4792-a585-96d66422f595,Firiel,Firiel,Sombres Séides,IDENTICAL_NAMES,"",""
35335371-21c5-4b35-b0c5-ae625e264960,Gergeli,Gergeli,Sombres Séides,IDENTICAL_NAMES,"",""
f8f8f822-8196-4a89-8df1-d66a69f1513a,Gisulf,Gisulf,Sombres Séides,IDENTICAL_NAMES,"",""
30daed50-2da2-4bcf-b234-48082b1941cd,Golodhros,Golodhros,Sombres Séides,IDENTICAL_NAMES,"",""
63b139e4-287e-4d9a-b002-e0acf01b0c39,Herion,Herion,Sombres Séides,IDENTICAL_NAMES,"",""
8f273238-a2d7-4787-90e5-f821726cfc91,Ivic,Ivic,Sombres Séides,IDENTICAL_NAMES,"",""
4b10842f-a062-4835-8fc4-ff34d3b27f75,Leamon,Leamon,Sombres Séides,IDENTICAL_NAMES,"",""
8bb8b1f4-456f-41b2-ba86-ca72922a9d14,Mallorn,Mallorn,Sombres Séides,IDENTICAL_NAMES,"",""
11cd39dd-c09c-44f0-8a29-b6a2ac404919,Mithril,Mithril,Sombres Séides,IDENTICAL_NAMES,"",""
63ede61b-9aed-4448-b7d8-12342b7e65f0,Nimloth,Nimloth,Sombres Séides,IDENTICAL_NAMES,"",""
04e8d657-7a14-4416-8f44-ef829981f6d6,Súrion,Súrion,Sombres Séides,IDENTICAL_NAMES,"",""
32694931-add2-4aa1-85f1-0272d4452eab,Taladhan,Taladhan,Sombres Séides,IDENTICAL_NAMES,"",""
0161d087-18a2-4ea4-82d4-a687eaaf5536,Urlutsu Nurn,Urlutsu Nurn,Sombres Séides,IDENTICAL_NAMES,"",""
1be8085f-0a54-4bb2-a3d2-8681203b1ef9,Woffung,Woffung,Sombres Séides,IDENTICAL_NAMES,"",""
14b29d69-4cb6-42b9-9ba1-4fa25eb1df18,Asdriags,Asdriags,Against the Shadow,NO_FR_TRANSLATION,"",""
41b62cea-d572-4faf-83d5-7fa27a570de1,Cirith Gorgor,Cirith Gorgor,Against the Shadow,NO_FR_TRANSLATION,"",""
0be5f835-e9b4-4c88-8b65-c6a7fa5567f2,Creature of and Older World,Creature of and Older World,Against the Shadow,NO_FR_TRANSLATION,"",""
89aaf478-4023-4b97-aaf1-3071d4853a9c,Drughu,Drughu,Against the Shadow,NO_FR_TRANSLATION,"",""
19c98257-c759-43a4-b831-d289ed760d7b,Durin's Folk,Durin's Folk,Against the Shadow,NO_FR_TRANSLATION,"",""
d4e2b29b-95bb-469d-9449-e634b258aa45,Dwarven Ring of Thrár's Tribe,Dwarven Ring of Thrár's Tribe,Against the Shadow,NO_FR_TRANSLATION,"",""
a5255d0a-f082-4993-bdcb-7a93e0af7f40,Eagles' Eyrie,Eagles' Eyrie,Against the Shadow,NO_FR_TRANSLATION,"",""
09250388-6768-4095-8bc7-956bc9232aa6,Edhellond,Edhellond,Against the Shadow,NO_FR_TRANSLATION,"",""
bafd1df1-6bb5-4afe-a1fa-afb3e97dabb3,Galadhrim,Galadhrim,Against the Shadow,NO_FR_TRANSLATION,"",""
057a4ad0-d184-4d36-be4d-a1aa2ccd081b,Geann a-Lisch,Geann a-Lisch,Against the Shadow,NO_FR_TRANSLATION,"",""
884aed43-30f4-4b18-b2ec-fadcfcb71d27,Gobel Mírlond,Gobel Mírlond,Against the Shadow,NO_FR_TRANSLATION,"",""
99c5b52e-a023-4c23-bba7-a37293ea4326,Haradrim,Haradrim,Against the Shadow,NO_FR_TRANSLATION,"",""
b640f0d7-b6e2-444e-9359-2418e0688f74,Haradrim,Haradrim,Against the Shadow,NO_FR_TRANSLATION,"",""
bf5ae960-cc2a-442b-aea3-70b613bf5ab7,Himring,Himring,Against the Shadow,NO_FR_TRANSLATION,"",""
b0880e67-fdec-4801-bf72-4d63ddfd435d,Lórien,Lórien,Against the Shadow,NO_FR_TRANSLATION,"",""
b685c62c-5aec-45ed-bdc7-6f7d67027023,Perchen,Perchen,Against the Shadow,NO_FR_TRANSLATION,"",""
34ca8f7a-c306-49db-ba39-745f2dd526c7,Rhosgobel,Rhosgobel,Against the Shadow,NO_FR_TRANSLATION,"",""
648fbe4d-2e56-4262-8a19-fa6e7fc3443b,Steward's Guard,Steward's Guard,Against the Shadow,NO_FR_TRANSLATION,"",""
a0e366c6-809c-4b7a-9fdc-00948bc4c92e,Thrór's Map,Thrór's Map,Against the Shadow,NO_FR_TRANSLATION,"",""
81055b48-b4be-44b9-b864-ea22db4e08e4,Tolfalas,Tolfalas,Against the Shadow,NO_FR_TRANSLATION,"",""
e949137b-5186-4483-83cc-7172f9a6d0db,Baugur,Baugur,Promo,NO_FR_TRANSLATION,"",""
91d30bb4-948d-412b-877a-fc5b95b6285a,Belegennon,Belegennon,Promo,NO_FR_TRANSLATION,"",""
aae68a40-28ba-4a8f-ac77-de558546da3d,Freca,Freca,Promo,NO_FR_TRANSLATION,"",""
86a85985-978a-4854-89a9-5e3c72417b7b,Merry,Merry,Promo,NO_FR_TRANSLATION,"",""
99512ba9-18a4-496e-9c1d-1390ce7124e0,Ringil,Ringil,Promo,NO_FR_TRANSLATION,"",""
a00dbb96-bce0-4371-ac26-2b56ad4e33e7,The Pack at the Door,The Pack at the Door,Promo,NO_FR_TRANSLATION,"",""
36c3b87c-ac89-4e8c-b3b9-b5b25f534e3c,Wolf,Wolf,Promo,NO_FR_TRANSLATION,"",""
3e2328a2-475c-4ff2-80ba-899a2ea4570d,Azog,Azog,The Balrog,NO_FR_TRANSLATION,"",""
36d583c2-55cd-4b46-91fc-584b60e64d0d,Bolg,Bolg,The Balrog,NO_FR_TRANSLATION,"",""
62b9f6fc-b11b-4139-9dc7-bcb42ee4b862,Cirith Gorgor,Cirith Gorgor,The Balrog,NO_FR_TRANSLATION,"",""
2ffce04e-a420-4036-90d9-81f89502cef6,Cirith Ungol,Cirith Ungol,The Balrog,NO_FR_TRANSLATION,"",""
524205f2-f1a7-4521-b21b-8958bed6d877,Dol Guldur,Dol Guldur,The Balrog,NO_FR_TRANSLATION,"",""
c7c4cecb-e862-4fe3-b4b7-c6590b6d3aa3,Minas Morgul,Minas Morgul,The Balrog,NO_FR_TRANSLATION,"",""
b00cf5ea-6774-4fb8-9199-b92698ce0cf0,Moria,Moria,The Balrog,NO_FR_TRANSLATION,"",""
57616221-6ae5-48de-b4a8-52886553ac8f,Press Gang,Press Gang,The Balrog,NO_FR_TRANSLATION,"",""
47eb4f8c-3e33-4c28-ab8c-d80581431c00,Sauron,Sauron,The Balrog,NO_FR_TRANSLATION,"",""
649b43b7-4e00-4e83-9bb7-444f8cd0a397,Umagaur,Umagaur,The Balrog,NO_FR_TRANSLATION,"",""
7bc92fd7-2c59-41a7-9a35-25aceda80321,Whip of Many Tongues,Whip of Many Tongues,The Balrog,NO_FR_TRANSLATION,"",""
4486ffe4-7381-4e8f-9789-cb7573607b03,Alatar,Alatar,The White Hand,NO_FR_TRANSLATION,"",""
02e9a5a7-e524-426b-9da4-736eb50987d6,Delver's Harvest,Delver's Harvest,The White Hand,NO_FR_TRANSLATION,"",""
2a0eb3f4-f8a0-4f3d-a9b4-3c1d65fd4af2,Doeth (Durthak),Doeth (Durthak),The White Hand,NO_FR_TRANSLATION,"",""
520f16a0-7f66-42e4-9842-06f7c2a4e3c6,Euog (Ulzog),Euog (Ulzog),The White Hand,NO_FR_TRANSLATION,"",""
b7e9d30d-b942-40ca-aa21-a8d7bb841148,Fool's Bane,Fool's Bane,The White Hand,NO_FR_TRANSLATION,"",""
1ee8a1dc-8ebc-412f-a9cb-221c81d0eef6,Gandalf,Gandalf,The White Hand,NO_FR_TRANSLATION,"",""
2d6e73e3-5712-49da-b179-7787270c28df,Gandalf's Friend,Gandalf's Friend,The White Hand,NO_FR_TRANSLATION,"",""
4dc06139-079b-4a7e-878f-4f1d61f95b21,Huntsman's Garb,Huntsman's Garb,The White Hand,NO_FR_TRANSLATION,"",""
ebcc0bc6-5025-41d4-8a01-fc458f391113,Isengard,Isengard,The White Hand,NO_FR_TRANSLATION,"",""
a5c79b37-bfa1-4c05-9ca7-944a14d9427d,Lugdush,Lugdush,The White Hand,NO_FR_TRANSLATION,"",""
aa0bb658-f6c1-4d60-804c-5fbc968c0cfb,Nature's Revenge,Nature's Revenge,The White Hand,NO_FR_TRANSLATION,"",""
d83c84b3-2578-4cfa-a8b7-70f29eb57f3d,Pallando,Pallando,The White Hand,NO_FR_TRANSLATION,"",""
a7d097b9-dddf-4181-9693-cd53bf38d835,Pallando's Apprentice,Pallando's Apprentice,The White Hand,NO_FR_TRANSLATION,"",""
6208ae37-3f6a-4dd9-bb6c-9f7f59afb31e,Pallando's Hood,Pallando's Hood,The White Hand,NO_FR_TRANSLATION,"",""
c0fda95e-4584-4b23-9726-1a596aa2aff4,Radagast,Radagast,The White Hand,NO_FR_TRANSLATION,"",""
2b9e9e0b-70dd-4428-a0df-b79e41bc59b1,Radagast's Black Bird,Radagast's Black Bird,The White Hand,NO_FR_TRANSLATION,"",""
61826bad-f0c7-4089-b03c-240889480cf9,Rhosgobel,Rhosgobel,The White Hand,NO_FR_TRANSLATION,"",""
0e93b062-8445-4d0d-845d-9498341b0c60,Saruman's Machinery,Saruman's Machinery,The White Hand,NO_FR_TRANSLATION,"",""
0e9238db-493e-469a-a263-75f12c113afd,Saruman's Ring,Saruman's Ring,The White Hand,NO_FR_TRANSLATION,"",""
787a2f9c-f16e-41f9-8176-f399d358ab1e,Wizard's Myrmidon,Wizard's Myrmidon,The White Hand,NO_FR_TRANSLATION,"",""
9dc8f627-434c-4b6b-9e05-4e97b0a978af,Wizard's Trove,Wizard's Trove,The White Hand,NO_FR_TRANSLATION,"",""
